"";"dorama_id";"dorama_title";"overall_rating";"watching";"seasons";"year";"genres"
"1";32448;"The Heirs";4,23;5268;1;2013;"{6,7,1}"
"2";7858;"You're Beautiful";4,28;5450;1;2009;"{6,1,7}"
"3";16088;"Boys over flowers";4,2;5403;2;2009;"{1,2,7,6,31,10}"
"4";30055;"Flower Boy Next Door";4,07;3649;1;2013;"{7,2,1}"
"5";27407;"Heartstrings (You've Fallen for Me)";4,09;3173;1;2011;"{7,11,2,76,32}"
"6";18508;"Secret Garden";4,25;3087;1;2010;"{6,12,7,1}"
"7";11579;"Mischievous Kiss";3,94;3285;1;2010;"{7,6,1}"
"8";25910;"To the Beautiful You";3,99;2921;1;2012;"{1,7,6}"
"9";25670;"City Hunter (SK)";4,31;3016;1;2011;"{7,6,4}"
"10";30668;"Personal Taste";4,03;2729;1;2010;"{6,1,7}"
"11";34626;"Man from the Stars";4,37;2689;1;2013;"{12,25,7}"
"12";16150;"Dream High";4,11;2797;2;2011;"{1,7,6,32}"
"13";39456;"Pinocchio";4,35;2579;1;2014;"{7,10,12}"
"14";32637;"I Hear Your Voice";4,48;2560;1;2013;"{7,26,25,12,6}"
"15";32447;"The Master's Sun";4,54;2491;1;2013;"{30,12,26,6,7,1}"
"16";11493;"Mary Stayed Out All Night";3,92;2638;1;2010;"{6,1,7}"
"17";29687;"Flower Boy Ramyun Shop";3,9;2140;1;2011;"{1,7}"
"18";25663;"Shut Up Flower Boy Band";4,17;2224;1;2012;"{32,7,6}"
"19";41633;"Kill Me, Heal Me";4,48;2214;1;2015;"{35,7,1}"
"20";17306;"Coffee Prince";4,01;2133;1;2007;"{6,7,1}"
"21";44459;"She Was Pretty";4,4;1988;1;2015;"{7,1,6}"
"22";39711;"Healer";4,55;1936;1;2014;"{4,7,26,1,6}"
"23";38015;"It's Okay, It's Love";4,47;1793;1;2014;"{35,6,1,7}"
"24";29359;"School 2013";4,27;1819;1;2012;"{6,1}"
"25";28842;"Rooftop Prince";4,29;1757;1;2012;"{7,12,1}"
"26";26856;"Faith";4,27;1838;1;2012;"{5,45,25,7,12,35}"
"27";25909;"K-POP - The Ultimate Audition";3,76;1723;1;2012;"{32,7,6}"
"28";43044;"School 2015: Who Are You?";4,4;1773;1;2015;"{6,7,25}"
"29";32356;"Monstar";3,79;1660;1;2013;"{32,6,7}"
"30";45398;"Cheese in the Trap";4,24;1827;1;2016;"{6,7}"
"31";49950;"W";4,54;1758;1;2016;"{6,7,26}"
"32";24328;"Love Rain";4,05;1676;1;2012;"{6,7}"
"33";25711;"49 Days";4,26;1634;1;2011;"{6,7,12}"
"34";42768;"EXO Next Door";4,17;1705;1;2015;"{7,32,1}"
"35";35619;"Emergency Man and Woman";4,21;1448;1;2014;"{7,1,35}"
"36";47638;"Descendants of the Sun";4,61;1530;1;2016;"{7,6,35}"
"37";36057;"Bride of the Century";4,17;1394;1;2014;"{10,6,7,12}"
"38";45251;"Oh My Venus";4,35;1371;1;2015;"{6,7,1}"
"39";20688;"Running Man";4,83;1602;2017;2010;"{1}"
"40";11033;"My Girlfriend is a Gumiho";4;1305;1;2010;"{6,1,7,12}"
"41";30494;"A Gentleman's Dignity";4,47;1308;1;2012;"{7,6,1}"
"42";27488;"Reply 1997";4,39;1283;1;2012;"{6,1}"
"43";51276;"Goblin";4,75;1452;1;2016;"{12,6,7}"
"44";24329;"White Christmas";4,48;1489;1;2011;"{26,6}"
"45";25567;"Big";3,99;1238;1;2012;"{7,1,6}"
"46";50093;"Cinderella and the Four Knights";4,25;1325;1;2016;"{7,1,6}"
"47";37785;"Marriage, Not Dating";4,2;1211;1;2014;"{7,1}"
"48";15137;"Sungkyunkwan Scandal";4,3;1231;1;2010;"{1,45,7}"
"49";49994;"Moon Lovers: Scarlet Heart Ryeo";4,59;1377;1;2016;"{45,7,12}"
"50";45443;"Moorim School";4,1;1198;1;2016;"{4,6,7,12}"
"51";43421;"High Society";3,85;1097;1;2015;"{1,7,10,6}"
"52";38416;"The Mermaid";3,75;1151;1;2014;"{7,12,1}"
"53";35003;"Exo Showtime";4,45;1155;1;2013;"{37,32}"
"54";37579;"King of High School Life Conduct";4,03;1044;1;2014;"{1,7}"
"55";43655;"Remember You";4,43;1012;1;2015;"{26,25,7}"
"56";42539;"The Girl Who Can See Smells";4,15;1030;1;2015;"{7,1,12,26,6}"
"57";42175;"Blood";3,86;1024;1;2015;"{35,12,7}"
"58";37167;"Doctor Stranger";4,12;1007;1;2014;"{7,35,6}"
"59";41865;"Hyde, Jekyll, Me";3,71;976;1;2015;"{1,7}"
"60";37168;"You're All Surrounded";4,27;960;1;2014;"{1,7,4}"
"61";34606;"Bel Ami";3,57;1036;1;2013;"{1,7,6}"
"62";49983;"The Legend of the Blue Sea";4,3;1038;1;2016;"{7,12,1}"
"63";43099;"Orange Marmalade";3,4;993;1;2015;"{12,7}"
"64";26055;"Queen Inhyun's Man";4,35;946;1;2012;"{34,50,11,31,7,30,45,6,37,5,4}"
"65";44497;"Cheer Up!";4,38;981;1;2015;"{7,6,1}"
"66";31591;"Protect the Boss";3,85;886;1;2011;"{7,6,1}"
"67";32739;"Who Are You?";3,99;902;1;2013;"{26,25,7}"
"68";49286;"Let's Fight Ghost";4,3;879;1;2016;"{12,6,1}"
"69";38060;"Fated to Love You";4,08;876;1;2014;"{6}"
"70";31761;"Gu Family Book";4,31;886;1;2013;"{25,7,45,6,28}"
"71";31599;"Me Too, Flower";3,87;831;1;2011;"{7}"
"72";48002;"Uncontrollably Fond";4,1;878;1;2016;"{7,6}"
"73";50527;"Weightlifting Fairy Kim Bok Joo";4,7;891;1;2016;"{44,7,6}"
"74";34753;"Weekly Idol (주간 아이돌)";4,61;877;1;2011;"{37,1}"
"75";27585;"The Innocent Man";4,25;805;1;2012;"{6,7}"
"76";49205;"Doctors";4,2;812;1;2016;"{35,6}"
"77";37845;"High School - Love On";4,05;820;1;2014;"{7,6,12}"
"78";39375;"Birth of a Beauty";3,84;793;1;2014;"{1,7,6}"
"79";27278;"Ma Boy";3,59;783;1;2012;"{1,2,18,7}"
"80";27350;"The Moon That Embraces the Sun";4,23;771;1;2012;"{12,45,25,6,7}"
"81";50522;"The K2";4,19;753;1;2016;"{6,4}"
"82";34586;"Empress Ki";4,55;968;1;2013;"{45,4,6,36,7}"
"83";30067;"Missing You (2012)";3,95;745;1;2012;"{6}"
"84";37510;"Roommate (룸메이트)";4,27;762;2;2014;"{37,2,76,32}"
"85";50358;"Hwarang";4,56;863;1;2016;"{6,45,7}"
"86";33984;"Secret Love";4,28;715;1;2013;"{28,6,32,26,7}"
"87";38652;"Show Me The Money (KR)";4,4;752;4;2014;"{37,32,96}"
"88";42718;"The Lover";4,21;874;1;2015;"{1,7}"
"89";43817;"Oh My Ghostess";4,35;683;1;2015;"{6,7,1}"
"90";26740;"Lie to Me";3,86;711;1;2011;"{1,7,6}"
"91";29358;"Cheongdamdong Alice";3,71;697;1;2012;"{57,7,1}"
"92";18305;"Oh! My Lady";3,73;706;1;2010;"{10,37,18,1,6,7,31,11}"
"93";48216;"Madame Antoine";4,02;672;1;2016;"{6,1,7}"
"94";42684;"Angry Mom";4,39;681;1;2015;"{6,25,10}"
"95";38787;"Liar Game (SK)";4,28;734;1;2014;"{25}"
"96";49210;"Moonlight Drawn by Clouds";4,35;640;1;2016;"{1,7,45}"
"97";29865;"Full House 2";3,94;612;1;2012;"{7,1}"
"98";27399;"the King 2 Hearts";4,17;603;1;2012;"{6,4,1,36}"
"99";29499;"Panda and Hedgehog";3,59;613;1;2012;"{56,7,1}"
"100";38788;"Bad Guys";4,28;707;1;2014;"{26,4,28}"
"101";34914;"WIN: Who is Next?";4,4;589;1;2013;"{37,38,32}"
"102";38747;"BTS American Hustle Life";4,58;633;1;2014;"{37}"
"103";30811;"That Winter, The Wind Blows";4,12;585;1;2013;"{7,6}"
"104";5812;"IRIS";4,06;690;2;2009;"{6,4,105}"
"105";43053;"Producer";3,97;566;1;2015;"{1,7,6}"
"106";34311;"Reply 1994";4,13;577;1;2013;"{1,2,6}"
"107";34032;"Marry Him If You Dare";3,63;569;1;2013;"{1,7,6}"
"108";36947;"Gap Dong";4,23;561;1;2014;"{25,4,28,6,26}"
"109";38789;"Modern Farmer";3,91;546;1;2014;"{7,32}"
"110";38780;"She's So Lovable";3,59;527;1;2014;"{6,32,7}"
"111";27287;"Arang and the Magistrate";3,87;529;1;2012;"{12,7,1}"
"112";49029;"Entertainer";4,05;505;1;2016;"{6,7,1}"
"113";30575;"City Lovers";3,91;533;1;2010;"{7,1}"
"114";26121;"The Greatest Love";4,11;499;1;2011;"{7,6,1}"
"115";35596;"WINNER TV";4,6;490;1;2013;"{37,1}"
"116";50792;"Shopping King Louie";4,3;495;1;2016;"{7,1,6}"
"117";42191;"Dream Knight";3,96;497;1;2015;"{6,32}"
"118";42132;"Unpretty Rapstar";3,97;513;3;2015;"\N"
"119";49913;"Jealousy Incarnate";4,27;478;1;2016;"{1,6,7}"
"120";39169;"MIX & MATCH";4,39;475;1;2014;"{38,32,96,37}"
"121";2193;"Full House";3,75;512;1;2004;"{1,6,7}"
"122";1353;"My Girl";3,93;510;1;2005;"{1,7}"
"123";48490;"Come Back, Mister";4,14;464;1;2016;"{6,1}"
"124";38413;"My Secret Hotel";3,7;458;1;2014;"{25,1,7}"
"125";44980;"Answer Me 1988";4,6;471;1;2015;"{6,7,1}"
"126";49060;"Lucky Romance";4,12;461;1;2016;"{1,6,7}"
"127";49322;"Beautiful Gong Shim";4,04;461;1;2016;"{6,7,1}"
"128";36060;"Cunning Single Lady";3,91;465;1;2014;"{1,7}"
"129";32419;"My Shining Girl";3,45;438;1;2012;"{6,7,1}"
"130";34623;"The Prime Minister and I";3,76;448;1;2013;"{10,7,1}"
"131";33434;"Агентство ""Сирано"" / Dating Agency: Cyrano";3,74;436;1;2013;"{7,1}"
"132";43755;"The Time We Were Not in Love";3,94;438;1;2015;"{6,7}"
"133";20531;"We Got Married (우리 결혼했어요)";4,16;456;4;2008;"{37,1,34,7}"
"134";29494;"The King of Dramas";4;441;1;2012;"{7,1,6}"
"135";43858;"Scholar Who Walks the Night";3,96;435;1;2015;"{45,7,12}"
"136";22772;"Beethoven virus";4,07;533;1;2008;"{6,7,32,1}"
"137";38756;"Rookie King Channel Bangtan - Bangtan Boys";4,58;445;1;2013;"{37}"
"138";36310;"Hotel King";3,83;428;1;2014;"{6}"
"139";43084;"Ex-Girlfriend Club";3,96;416;1;2015;"{7,1}"
"140";29692;"My Princess";3,77;405;1;2011;"{1,6,7}"
"141";32354;"Nail Salon Paris";3,42;399;1;2013;"{1,57,7}"
"142";43382;"Mask";4,09;383;1;2015;"{7,6}"
"143";44117;"Yong Pal";3,97;380;1;2015;"{35,6}"
"144";36954;"A Witch's Love";4,07;378;1;2014;"{1,7}"
"145";48412;"Page Turner";4,46;377;1;2016;"{6,32}"
"146";43222;"Warm and Cozy";4,08;367;1;2015;"{6,7}"
"147";38019;"Iron Man";3,39;365;1;2014;"{7,6,12}"
"148";30333;"7th Grade Civil Servant";3,81;364;1;2013;"{1,105,7,4}"
"149";51798;"First Kiss for the Seventh Time";3,67;361;1;2016;"{7,6}"
"150";25603;"Spy Myung Wol";3,99;356;1;2011;"{1,7}"
"151";42672;"Falling for Innocence";4,16;356;1;2015;"{7,1,6}"
"152";44458;"D-Day";4,35;358;1;2015;"{35,6}"
"153";29516;"Vampire Prosecutor";4,07;406;2;2011;"{28,6,12,25}"
"154";48213;"Signal";4,72;424;1;2016;"{28,26}"
"155";51029;"Sweet Stranger and Me";3,84;331;1;2016;"{6,7,1}"
"156";39127;"Pride and Prejudice (KR)";3,8;345;1;2014;"{7,6}"
"157";49986;"Age of Youth";4,73;359;1;2016;"{6,7,1}"
"158";45397;"Remember - War of the Son";4,22;318;1;2015;"{6,26}"
"159";52096;"Missing Nine";4,23;328;1;2017;"{5,26,6}"
"160";35653;"I Need Romance 3";4,14;312;1;2014;"{6,7,1}"
"161";48383;"Vampire Detective";3,94;364;1;2016;"{12,28,6}"
"162";6509;"Iljimae";4,4;339;1;2008;"{45}"
"163";39479;"I GOT7";4,35;315;1;2014;"{2,37}"
"164";39340;"Non-Summit/Abnormal Summit (비정상회담)";4,57;343;1;2014;"{1}"
"165";41675;"Heart to Heart";3,95;317;1;2015;"{7,1,35}"
"166";2796;"Sorry, I Love You";4,14;343;1;2004;"{6,7}"
"167";37784;"Trot Lovers";3,88;300;1;2014;"{1,7,6,32}"
"168";47639;"One More Happy Ending";4,09;305;1;2016;"{7,6}"
"169";36121;"Cinderella's Stepsister";3,76;304;1;2010;"{6,7}"
"170";48225;"Local Hero";3,82;301;1;2016;"{1,28,4}"
"171";49453;"Police Unit 38";4,06;301;1;2016;"{1,6,28}"
"172";49232;"Mirror of the Witch";3,68;306;1;2016;"{45,12,30,6,7}"
"173";50054;"Entourage";3,78;295;1;2016;"{1,6}"
"174";39651;"XOXO EXO";4,14;297;1;2014;"{32,37}"
"175";50412;"Drinking Solo";4,3;305;1;2016;"{1,6,7}"
"176";32740;"Green Scalpel";4,37;288;1;2013;"{35,7,6}"
"177";30546;"Shining Inheritance";3,97;281;1;2009;"{1,6,7,10}"
"178";32517;"Cruel City";4,46;328;1;2013;"{7,6,26,4,28}"
"179";4893;"Tree in Heaven";3,63;302;1;2006;"{6}"
"180";22250;"Scent of a Woman";4,18;278;1;2011;"{6,7}"
"181";24330;"What's Up";4,06;288;1;2011;"{6,1}"
"182";14953;"Hong Gil Dong";4,26;360;1;2008;"{7,4,1}"
"183";49209;"Another Oh Hae Young";4,21;272;1;2016;"{7,1}"
"184";34599;"Fashion King";3,24;271;1;2012;"{7,6}"
"185";45425;"Splash Splash Love";4,43;264;1;2015;"{7,45,6,12}"
"186";24484;"The Fugitive: Plan B";4,05;270;1;2010;"{6,4,1,7}"
"187";36316;"Angel Eyes";3,89;268;1;2014;"{7,35,10}"
"188";27348;"The Princess' Man";4,34;272;1;2011;"{45,6,7}"
"189";29498;"Prosecutor Princess";3,88;260;1;2010;"{7,1,28,6}"
"190";34017;"I need romance";3,8;256;1;2011;"{6,7,1}"
"191";2418;"Time Between Dog and Wolf";4,05;277;1;2007;"{7,4}"
"192";38785;"Misaeng";4,39;271;1;2014;"{6}"
"193";50422;"Hit the Stage";4,57;251;1;2016;"\N"
"194";26851;"Time Slip Dr. Jin";3,61;257;1;2012;"{35,12,45}"
"195";32446;"Two Weeks";4,21;257;1;2013;"{28,6,4,26}"
"196";35204;"Let's Eat";4,21;262;2;2013;"{6,1,7}"
"197";44510;"The Village: Achiara's Secret";4,06;266;1;2015;"{6,26}"
"198";2794;"A Love to Kill";3,85;262;1;2005;"{4,6}"
"199";27513;"Coffee House";3,5;262;1;2010;"{31,6,7,1}"
"200";44353;"Twenty Again";4,19;243;1;2015;"{7,1}"
"201";44483;"Because It's the First Time";4,07;240;1;2015;"{7,1}"
"202";36055;"God's Gift - 14 Days";4,55;248;1;2014;"{26,6}"
"203";39406;"Dr. Frost";3,67;267;1;2014;"{26,28}"
"204";25676;"Bad Guy";3,98;241;1;2010;"{26,7,6}"
"205";34622;"Miss Korea";3,43;246;1;2013;"{7,6}"
"206";31878;"Pasta";4,1;253;1;2010;"{56,6,7}"
"207";44621;"Nice Guy";4,02;234;1;2012;"{6,7}"
"208";36059;"Her Lovely Heels";3,48;225;1;2014;"{7}"
"209";37249;"Triangle";4,02;224;1;2014;"{6,4,28,7}"
"210";38782;"The Greatest Marriage";3,72;225;1;2014;"{6,1,7}"
"211";31608;"INFINITE's Ranking King";4,48;219;1;2012;"{37,1}"
"212";30886;"Explorers Of The Human Body";4,48;259;1;2007;"{1,33,43}"
"213";42780;"My Unfortunate Boyfriend";3,69;223;1;2015;"{7,1}"
"214";32116;"Take Care of Agasshi /My Fair Lady";3,71;219;1;2009;"{1,7}"
"215";34919;"Phantom";4,35;222;1;2012;"{6,25}"
"216";43103;"SIXTEEN (JYP)";4,08;220;1;2015;"{11,96,38,2}"
"217";43827;"Fall in Love with Soon-Jung";4,11;220;1;2015;"{1,6}"
"218";50478;"BTS Bon Voyage";4,87;237;1;2016;"{1}"
"219";30820;"Nine: Nine Time Travels";4,02;224;1;2013;"{7,6}"
"220";43780;"We broke up";3,83;212;1;2015;"{7,6,1}"
"221";38793;"Twenty Years Old";3,75;212;1;2014;"{7,2}"
"222";12584;"Athena: Goddess of War";3,82;233;1;2010;"{26,4,105}"
"223";33931;"I need romance 2012";3,72;205;1;2012;"{6,7}"
"224";42117;"Ho Goo's Love";3,98;207;1;2015;"{7,1}"
"225";36686;"This is INFINITE";4,37;200;1;2014;"{37}"
"226";49611;"Beautiful Mind";4,41;207;1;2016;"{35,6,26}"
"227";36566;"Secret Love Affair";3,85;213;1;2014;"{7,6,32}"
"228";38014;"Plus Nine Boys";4,14;200;1;2014;"{6,7,1}"
"229";34609;"Age of feeling: Inspiring generation";3,8;211;1;2014;"{6,36,4,45,7}"
"230";38748;"Hitmaker";4,22;196;2;2014;"{37}"
"231";38018;"The Night Watchman";3,6;203;1;2014;"{26,12,7,6,45}"
"232";45365;"Imaginary Cat";3,94;229;1;2015;"\N"
"233";44897;"Bubblegum";3,59;195;1;2015;"{6,7}"
"234";51394;"Positive Physique";4,15;200;1;2016;"{7,6}"
"235";20894;"Strong Heart (강심장)";4,42;196;1;2009;"{37,54}"
"236";38020;"Cantabile Tomorrow";3,84;201;1;2014;"{1,32,7}"
"237";51139;"Something About 1%";4,21;194;1;2016;"{7,1}"
"238";31762;"B.A.P's Killing Camp";4,38;190;1;2012;"{37,1}"
"239";45285;"I Remember You";4,45;201;1;2015;"{1,25,7,26}"
"240";29480;"Paradise Ranch";3,54;191;1;2011;"{10,7,104,1,6}"
"241";52003;"Introverted Boss";3,7;190;1;2017;"{1,7}"
"242";32208;"Infinite Challenge";4,56;192;4;2005;"{1}"
"243";42125;"NO.MERCY (노머시)";4,26;190;1;2014;"{11,96}"
"244";2793;"My Lovely Sam Soon";4,04;194;1;2005;"{6,7,1}"
"245";32475;"SHINee One Fine Day";4,66;186;1;2013;"{37,50}"
"246";41634;"Persevere, Goo Hae Ra";3,77;183;1;2015;"{32,7}"
"247";34033;"Medical Top Team";4,06;195;1;2013;"{35,7}"
"248";48474;"Choco Bank";3,97;185;1;2016;"{6,7,1}"
"249";48579;"Marriage Contract";4,18;181;1;2016;"{7,6}"
"250";32418;"Warrior Baek Dong Soo";4,16;179;1;2011;"{6,4}"
"251";35443;"K-pop Star";4,16;179;4;2011;"\N"
"252";38570;"5 Minute Before Chaos";4,58;186;1;2014;"{37,1,38,32}"
"253";45328;"INFINITE Showtime";4,71;178;1;2015;"\N"
"254";48185;"MONSTA X's Right Now";4,73;186;1;2016;"\N"
"255";48782;"Nightmare Teacher";4,18;192;1;2016;"{6,25}"
"256";37155;"Showtime: Burning the Beast";4,55;178;1;2014;"{34,48,32,1,37}"
"257";32345;"You're the Best, Lee Soon Shin";3,7;175;1;2013;"{10,1}"
"258";48352;"High-end Crush";3,98;175;1;2015;"{6,7}"
"259";42965;"A Divorce Lawyer in Love";3,57;174;1;2015;"{7,6,1}"
"260";33519;"Bridal Mask";4,1;179;1;2012;"{4,45,6}"
"261";39538;"90:2014";4,03;173;1;2014;"{37,32}"
"262";38017;"Finding True Love";3,82;172;1;2014;"{7,1}"
"263";33730;"When a Man Loves";3,64;176;1;2013;"{7,6}"
"264";30788;"Can You Hear My Heart?";3,97;170;1;2011;"{10,7,6}"
"265";34877;"King of Baking, Kim Tak Goo";4,15;176;1;2010;"{7,113,6,10}"
"266";41678;"Spy (SK)";3,39;172;1;2015;"{4,10,7,26}"
"267";38547;"The Three Musketeers (SK)";3,87;169;3;2014;"{45,7,36,5,4,6}"
"268";31360;"Ta-Dah! It's B.A.P";4,19;162;1;2012;"{54,1}"
"269";34025;"The Secret Angel";3,55;156;1;2012;"{7,6,1,12,25}"
"270";34226;"God's Quiz";4,49;180;4;2010;"{35,25,28}"
"271";36056;"Mimi";3,78;162;1;2014;"{7}"
"272";44609;"Noble, My Love";4,03;156;1;2015;"{6,7}"
"273";33131;"Jang Ok Jung, Living in Love";4,23;171;1;2013;"{6,7,45}"
"274";49199;"Half-moon Friends";4,82;158;1;2016;"\N"
"275";35352;"Hello Baby";4,2;157;7;2009;"{10,1,18,37}"
"276";48266;"Produce 101";4,02;160;1;2016;"\N"
"277";47641;"Goodbye Mr. Black";3,65;151;1;2016;"{26,6,7}"
"278";51441;"Romantic Doctor, Teacher Kim";4,2;154;1;2016;"{7,35,6}"
"279";48789;"Celebrity Bromance";4,47;155;1;2016;"\N"
"280";37248;"Grandpas Over Flowers Investigation Team";4,08;154;1;2014;"{28,1}"
"281";2559;"Princess Hours";3,84;154;1;2006;"{6}"
"282";37706;"After School Club";3,86;149;1;2013;"{1,32,54,38,37}"
"283";39458;"Valid Love";3,38;146;1;2014;"{7}"
"284";42793;"Fluttering India";4,36;143;1;2015;"{50,37}"
"285";48764;"Jackpot";3,96;145;1;2016;"{45,6}"
"286";49922;"The Good Wife";4,39;238;1;2016;"{6}"
"287";36061;"Three Days";3,94;148;1;2014;"{26,7,36,25,28,4}"
"288";49123;"NCT Life";4,52;145;4;2016;"\N"
"289";32065;"Family Outing";4,47;148;2;2008;"{1}"
"290";42311;"VIXX One Fine Day";4,59;137;1;2015;"{34,37,1}"
"291";49650;"Wanted";4,39;144;1;2016;"{28,6,26,4}"
"292";37723;"Wild Romance";3,76;137;1;2012;"{26,1,6,7}"
"293";43082;"Vampire's Flower";3,31;147;1;2014;"{12,6}"
"294";32858;"Barefoot Friends";3,69;135;1;2013;"{50,37,1}"
"295";1352;"Goong S";3,3;146;1;2007;"{6,1}"
"296";35725;"The thousandth man";3,51;136;1;2012;"{6,12,7}"
"297";39387;"Mr. Baek";3,86;133;1;2014;"\N"
"298";43636;"Hidden Identity";3,91;134;1;2015;"{4,26,28}"
"299";33915;"Operation Proposal";3,52;131;1;2012;"{7,6,12}"
"300";39551;"I Do, I Do";3,61;130;1;2012;"{1,7}"
"301";35052;"One Well-Raised Daughter";3,81;142;1;2013;"{7,10}"
"302";38561;"The Return of Superman";4,42;134;1;2013;"{1,10,18,37}"
"303";42750;"Missing Noir M";4,27;140;1;2015;"{4,26,28}"
"304";43231;"The Girl at Midnight";3,72;126;1;2015;"{7,1}"
"305";6655;"Que Sera, Sera";3,78;126;1;2007;"{7,6}"
"306";32878;"Она - просто нечто / She is WOW";3,3;130;1;2013;"{1,6,7,28}"
"307";34034;"Cheo Yong";3,8;143;2;2014;"{26,30,28,4}"
"308";43442;"My Love Eun Dong";3,86;125;1;2015;"{6,7}"
"309";31588;"Vampire idol";3,87;134;1;2011;"{1,12}"
"310";39605;"Rookie King: Channel Bangtan";4,6;128;1;2013;"{37,2}"
"311";36796;"Hello My Teacher";3,85;128;1;2005;"{1,7,6}"
"312";37640;"The Joseon Shooter";3,72;122;1;2014;"{7,45,6}"
"313";32444;"The Queen's Classroom";4,18;133;1;2013;"{18,2,6,1}"
"314";41867;"Shine or Go Crazy";3,93;124;1;2015;"{45,7,12,6}"
"315";31633;"Baby-faced Beauty";3,37;119;1;2011;"{7,1,6}"
"316";12050;"Autumn in My Heart";3,94;132;1;2000;"{6,7,10}"
"317";2715;"Sassy Girl, Chun-hyang";3,81;130;1;2005;"{1,6}"
"318";28156;"Ghost";4,3;126;1;2002;"{6}"
"319";33059;"You Are My Oppa";3,96;113;1;2010;"{1,37,34}"
"320";51586;"Voice";4,71;118;1;2017;"{28,26}"
"321";27299;"New Tales of Gisaeng";4,11;115;1;2011;"{6,7}"
"322";34075;"Waiting for Love";4,03;110;1;2013;"{7,6}"
"323";36946;"Big Man";3,52;112;1;2014;"{26,7,6}"
"324";29553;"Obstetrics and Gynecology Doctors";4,05;111;1;2010;"{6,35}"
"325";33729;"Yoo-ryeong";4,46;119;1;2012;"{36,6,28,4}"
"326";34074;"Suspicious Housekeeper";3,96;106;1;2013;"{6}"
"327";34272;"City Hall (2009)";4,08;104;1;2009;"{7}"
"328";30501;"Padam Padam: The Sound of His and Her Heartbeats";3,94;104;1;2011;"{7,12}"
"329";30819;"Queen of Ambition";3,74;111;1;2013;"{31,36,6,7}"
"330";36207;"VIXX MyDol";4,23;101;1;2012;"{32,37,96}"
"331";39596;"The King's Face";3,41;108;1;2014;"{6,7,26,45}"
"332";43497;"My Beautiful Bride";3,95;104;1;2015;"{26,25,28,4}"
"333";43529;"4 Things Show";4,34;99;2;2014;"{54,34,37}"
"334";44124;"Mrs. Cop";4,03;115;2;2015;"{26,28,6}"
"335";32457;"The Goddess of Fire, Jung-Yi";3,81;107;1;2013;"{45,7}"
"336";48633;"Falling for Challenge";4,18;105;1;2015;"\N"
"337";34605;"Golden Rainbow";3,92;97;1;2013;"{7,6,10}"
"338";41984;"2NE1 TV";4,19;98;3;2009;"{37}"
"339";32945;"The Painter of the Wind";4,02;110;1;2008;"{45,6,7}"
"340";6788;"18, 29";3,77;103;1;2005;"{6,1}"
"341";45163;"Secret Message";3,82;100;1;2015;"\N"
"342";51885;"The Miracle";3,78;102;1;2016;"{12,7,10}"
"343";1854;"Yu-hee, the Witch";3,38;101;1;2007;"{6,1,7}"
"344";42771;"Let’s Eat 2";3,98;95;2;2015;"{6,1,7}"
"345";43957;"I Order For You";3,79;95;1;2015;"{7,1,56}"
"346";4734;"The Man of the Vineyard";3,93;96;1;2006;"{6}"
"347";37646;"Secret Love - Kara";3,83;91;1;2014;"{7}"
"348";28083;"May Queen";4,42;95;1;2012;"{6,7,10}"
"349";37166;"A New Leaf";3,28;94;1;2014;"{7,6}"
"350";42189;"Heard It Through the Grapevine";4,16;92;1;2015;"{6,10,1}"
"351";42845;"VIXX TV";4,58;91;2;2012;"{34,37}"
"352";35861;"Special Affairs Team TEN";4,15;97;2;2011;"{4,26,28}"
"353";37852;"Jessica & Krystal";4,26;94;1;2014;"{10,37,7}"
"354";38096;"B.A.P Attack!";4,6;90;1;2014;"{37,50}"
"355";42732;"Idol Star Athletics Championships";4;92;1;2010;"{44,37}"
"356";44477;"Six Flying Dragons";4,59;97;1;2015;"{4,45,6}"
"357";48627;"No Mercy";4,48;99;1;2014;"{32}"
"358";23153;"Star King (스타킹)";4,13;93;1;2007;"{18,11,32,10,38,37}"
"359";43795;"King of Mask Singer";4,41;92;1;2015;"{37,32}"
"360";43584;"Seventeen Project";4,2;96;1;2015;"{32,37,2}"
"361";24486;"I Am Sam";3,17;93;1;2007;"{7,1,6}"
"362";43018;"Dr. Mo Clinic";3,51;85;1;2015;"{1,7}"
"363";51274;"My Wife's Having an Affair This Week";3,88;85;1;2016;"{6,7,1}"
"364";2294;"The Legend";4,27;105;1;2007;"{5,12,6}"
"365";45263;"Boys Over Flowers";4,27;94;1;2009;"{6,7,1}"
"366";36099;"Adolescence Medley";3,75;83;1;2013;"{7,6,1}"
"367";15340;"Hwang Jin Yi";4,57;141;1;2006;"{6,45}"
"368";29488;"A Thousand Kisses";3,6;85;1;2011;"{7,6}"
"369";38180;"We Got Married: Global Edition";3,78;82;2;2013;"{7}"
"370";6173;"Winter Sonata";3,87;105;1;2002;"{6,7}"
"371";24480;"Haru : An Unforgettable Day in Korea";3,59;84;1;2010;"{7,4,1,6,32}"
"372";7940;"Dal Ja's Spring";3,94;82;1;2007;"{1,7,6}"
"373";32196;"Ojakkyo Brothers";3,89;79;1;2011;"{7,10}"
"374";32738;"Her Legend";3,73;82;1;2013;"{6,7}"
"375";43353;"Love Cells";3,55;81;2;2011;"{7,1,12}"
"376";36023;"My name is Kim Sam Soon";4,04;82;1;2005;"{7,1,6}"
"377";42564;"Super Daddy Yeol";3,7;80;1;2015;"{10,1,6}"
"378";43335;"Problematic Men (문제적남자)";4,41;80;1;2015;"{92,37}"
"379";6333;"Snow White";3,4;86;1;2004;"{7,1,6}"
"380";42094;"VIXX File";4,44;76;1;2013;"{37}"
"381";52342;"The Universe's Star";4,29;81;1;2017;"{12,7}"
"382";35019;"Cain and Abel";4,09;82;1;2009;"{7,6,4,35}"
"383";32955;"Miss Ripley";3,5;74;1;2011;"{6,7}"
"384";42544;"VIXX Plan V Diary";4,58;75;1;2013;"{1,37}"
"385";51557;"GOT7's Hard Carry";4,76;82;1;2016;"\N"
"386";43210;"Masked Prosecutor";3,24;81;1;2015;"{4,6,7,1}"
"387";31612;"Shinhwa Broadcast";4,65;78;2;2012;"{1,37}"
"388";51919;"Solomon's Perjury";4,36;77;1;2016;"{28,25,114}"
"389";52201;"Defendant";4,65;74;1;2017;"{114,26}"
"390";30745;"The World That They Live In";3,95;72;1;2008;"{6,7}"
"391";29171;"Stars Falling From the Sky";3,74;73;1;2010;"{1,7,6}"
"392";31592;"Can We Get Married?";3,41;71;1;2012;"{7,6,10}"
"393";8871;"Something About 1%";3,16;74;1;2003;"{1,6}"
"394";42777;"Where Is My Friend's Home";4,5;72;1;2015;"{1,50,10}"
"395";42980;"MATCH UP: Block B Returns";4,48;73;1;2012;"{32,1,37}"
"396";38022;"Temptation (2014)";4,03;68;1;2014;"{7,10}"
"397";38790;"The Spring Day of My Life";3,93;69;1;2014;"{6,7,35}"
"398";27301;"Killer K";3,25;71;1;2011;"{26,4}"
"399";28084;"Five Fingers (2012)";4;69;1;2012;"{32,7,6}"
"400";28579;"Hero: Unseen Warfare";3,45;65;1;2009;"{1}"
"401";50580;"Fantastic";3,67;66;1;2016;"{1,6,7}"
"402";32742;"The Blade and Petal";3,1;68;1;2013;"{7,6,4,45}"
"403";38769;"Queen Seon Deok";3,94;77;1;2009;"{45,6,7}"
"404";48805;"Bad Tempered Grown-ups";3,68;66;1;2016;"{7,6,1}"
"405";6820;"Memories of Bali";3,75;68;1;2004;"{6}"
"406";29603;"Gyeoul Yeonga";3,95;122;1;2009;"{7,29,6}"
"407";48635;"Monster";4,25;65;1;2016;"{6,7,1}"
"408";28895;"History of the Salaryman";4,17;65;1;2012;"{6,97,1}"
"409";32458;"Scandal (SK)";4,11;112;1;2013;"{7,28,6}"
"410";38548;"Reset";3,83;66;1;2014;"{25,26,28}"
"411";42417;"Super Junior Full House";4,22;61;1;2006;"{37}"
"412";43172;"Mackerel Run";3,46;67;1;2007;"{2,1}"
"413";48705;"Pied Piper";4,17;66;1;2016;"{6,4,28,26}"
"414";2493;"The Lucifer";3,94;72;1;2007;"{7,6}"
"415";7830;"The Snow Queen (KR)";3,74;62;1;2006;"{6}"
"416";28063;"Chuno";4,35;65;1;2010;"{6,5,45}"
"417";39640;"The Virus";3,82;71;1;2013;"{25,26,6}"
"418";9935;"All In";4,17;82;1;2003;"{28,6,4}"
"419";15141;"Soul Mate";3,97;69;1;2006;"{6}"
"420";22809;"The Return of Iljimae";3,96;61;1;2009;"{45,7}"
"421";37609;"Roommate";4,44;63;2;2014;"\N"
"422";42783;"I Can See Your Voice";4,32;60;3;2015;"{11,32}"
"423";51298;"Star Show 360";4,35;61;1;2016;"\N"
"424";51540;"Bangtan Bomb";4,82;62;1;NA;"\N"
"425";45316;"Witch's Romance";4,21;60;1;2014;"{7,1,6}"
"426";50254;"Devil's Diary";3,79;62;1;2016;"{1,6,7}"
"427";39227;"Boarding House No. 24";4,15;63;1;2014;"{1,7}"
"428";42412;"Super Junior Mini-Drama";4,05;58;1;2006;"{37}"
"429";44030;"A Song For You";3,8;60;4;2013;"{1,32,54,37}"
"430";50385;"Our Gab Soon";4,08;57;1;2016;"{10,7,6}"
"431";3011;"Over the Rainbow (KR)";3,7;61;1;2006;"{6}"
"432";30120;"Tree With Deep Roots";4,32;60;1;2011;"{45,6}"
"433";50092;"I'm Going to Touch You";3,57;55;1;2016;"{6,7,1}"
"434";27300;"Soul";3,96;66;1;2009;"{28,26,6,30,25,7}"
"435";32513;"9 End 2 Outs";4,03;58;1;2007;"{1,7,6}"
"436";35967;"MTV Diary BtoB";4,45;55;1;2012;"{37}"
"437";39704;"Saturday Night Live Korea";4,3;58;5;2011;"{1,37,48}"
"438";43982;"One Sunny Day";4,07;57;1;2014;"{7}"
"439";44616;"Glamorous Temptation";3,58;55;1;2015;"{10,7,6}"
"440";50122;"Tomorrow Boy";3,61;55;1;2016;"{6,7}"
"441";27224;"Foxy Lady!";3,72;55;1;2006;"{1,6}"
"442";30431;"Sirius";3,95;56;1;2013;"{10,28,6}"
"443";38727;"Manny";3,56;61;1;2011;"{6}"
"444";42992;"Signal B - Block B";4,35;55;1;2013;"{37,32,1}"
"445";45284;"Answer Me 1997";4,53;58;1;2012;"{1,6,7}"
"446";52105;"Tomorrow with You";5;53;1;2017;"{12,6,7}"
"447";52173;"Monsta X-ray";4,93;53;1;2017;"\N"
"448";2308;"Biscuit Teacher and Star Candy";3,82;56;1;2005;"{6,1}"
"449";30818;"Ad Genius Lee Tae Baek";3,5;56;1;2013;"{1,6,7}"
"450";32516;"Incarnation of Money";4;54;1;2013;"{6}"
"451";43370;"I Love Lee Tae Ri";3,47;53;1;2012;"{7,6}"
"452";44184;"Prince's Prince";3,62;59;1;2015;"{6,1}"
"453";34634;"High Kick Through the Roof";4,21;69;1;2009;"{1,7}"
"454";43966;"Sesame Player";4,43;51;3;2011;"{54,37,32,34,2}"
"455";49984;"On the Way to the Airport";4,11;51;1;2016;"{7,6}"
"456";52231;"Chief Kim";4,3;50;1;2017;"{1}"
"457";26704;"Capital Scandal";3,87;51;1;2007;"{6,45,1,7}"
"458";48623;"TWICE Private Life";4,53;49;1;2016;"\N"
"459";43081;"One Mom and Three Dads";4,1;50;1;2008;"{6,7}"
"460";1922;"Jewel in the Palace";4,39;90;1;2003;"{6,35,7,45}"
"461";36406;"All About My Romance";3,83;48;1;2013;"{7,6,1}"
"462";43819;"Happy Together (TV-show)";4,05;52;1;2001;"{1,37}"
"463";48784;"Memory";4,27;47;1;2016;"{6}"
"464";50274;"Second to Last Love";3,82;50;1;2016;"{42,6,7}"
"465";3475;"Loveholic";3,12;51;1;2005;"{6}"
"466";43362;"Music Video Drama";4,46;51;1;2014;"{32,6}"
"467";44133;"EXID Showtime";4,5;47;1;2015;"{37,1,54}"
"468";6810;"Lovers (2006)";3,93;47;1;2006;"{6}"
"469";29356;"Bad Couple (KR)";3,13;48;1;2007;"{6,1,7}"
"470";34588;"High Kick! The Revenge of the Short Legged";4,15;46;1;2011;"{1,10,7}"
"471";42462;"Super Junior-M Guest House";4,08;45;1;2014;"{50,37}"
"472";27305;"Dream of 400 Years";3,63;47;1;2011;"{7,12,6}"
"473";28891;"East Of Eden (KR)";3,92;49;1;2008;"{10,4,6}"
"474";35657;"Take Care of Us, Captain";3,88;47;1;2012;"{7,6,50}"
"475";44118;"Super Junior One Fine Day";4,54;44;1;2014;"{50,54,37,34,32}"
"476";44379;"I Have a Lover";4,07;46;1;2015;"\N"
"477";52253;"Naked Fireman";4,1;45;1;2017;"{6}"
"478";37165;"Glorious Day";4,21;44;1;2014;"{7,6,10}"
"479";39128;"The Legendary Witch";3,86;44;1;2014;"{10,7}"
"480";48992;"My Little Baby";4,17;44;1;2016;"{6}"
"481";42895;"Potato Star 2013QR3";4,39;44;1;2013;"{7,1,6,10}"
"482";43308;"Plus Nine Boys";4,19;45;1;2014;"{7,1,6}"
"483";43374;"Hello Counselor (안녕하세요)";4,29;42;1;2010;"{37,1,92}"
"484";5716;"Thank You";4,17;42;1;2007;"{6,7}"
"485";29228;"Haeundae Lovers";3,29;41;1;2012;"{4,7,6,1}"
"486";35348;"Jungle Fish 2";3,96;44;1;2010;"{2,6}"
"487";39755;"Mnet Asian Music Awards (MAMA)";4,53;41;1;2013;"{32}"
"488";6804;"Hello, My Lady!";3,65;42;1;2007;"{7,6}"
"489";24485;"Princess Ja Myung Go";4,23;40;1;2009;"{45,6}"
"490";26410;"A Thousand Days' Promise";4;42;1;2011;"{6,7}"
"491";33883;"Heroes (영웅호걸)";4,22;43;1;2010;"{1}"
"492";35739;"The Man Who Can't Get Married";4,05;45;1;2009;"{6,7,1}"
"493";48365;"Heaven's Promise";3,55;42;1;2016;"{6,7,28}"
"494";51558;"GOT7ing";4,39;42;1;2016;"\N"
"495";2797;"Spring Waltz";3,92;41;1;2006;"{6}"
"496";34639;"Unemployed Romance";2,95;39;1;2013;"{1,7}"
"497";37709;"Endless Love";4;40;1;2014;"{28,36,6,4,26,7,45}"
"498";43458;"Feel So Goods";4;39;1;2015;"{37,75}"
"499";46110;"City Hunter";4,38;41;1;2011;"{4,26,7}"
"500";52199;"Strong Woman Do Bong Soon";4,33;40;1;2017;"{4,12,1}"
"501";14725;"First Love of a Royal Prince";3,39;41;1;2004;"{1,6}"
"502";34647;"Basketball (2013)";4;41;1;2013;"{6,4,44,7,45}"
"503";38781;"Secret Door";3,5;41;1;2014;"{5,36,6,45}"
"504";41906;"Style Log";4,47;39;2;2013;"{57}"
"505";42958;"Shark";4,16;39;1;2013;"{28,6,26}"
"506";45276;"Two Yoo Project: Sugar Man";4,61;38;1;2015;"\N"
"507";43699;"Girl of 0AM";3,57;40;1;2015;"{7}"
"508";45277;"Please Take Care of My Refrigerator";4,29;38;1;2014;"\N"
"509";3096;"Which Star Are You From?";3,67;39;1;2006;"{6}"
"510";3474;"Couple or Trouble";4,04;38;1;2006;"{6}"
"511";32181;"A Man Called God";4;39;1;2010;"{4,6,28,7}"
"512";36038;"Beyond the Clouds";3,71;38;1;2014;"{6,26,4,7,28}"
"513";44622;"Falling for Innocence";4,1;36;1;2015;"{6,7,1}"
"514";50526;"Woman with a Suitcase";3,54;36;1;2016;"{7,6}"
"515";51429;"Ask Us Anything";4,54;36;1;2015;"\N"
"516";34035;"Passionate Love";3,5;36;1;2013;"{10,7,6}"
"517";34786;"Ugly Alert";4,06;35;1;2013;"{10,6,7}"
"518";37865;"MBLAQ Idol Manager";4,1;35;1;2012;"{37,1}"
"519";41677;"Fabulous Neighbor";3,22;38;1;2015;"{10,7,6}"
"520";42922;"The Musical";3,32;35;1;2011;"{32,96,6}"
"521";48731;"The Flatterer";3,58;37;1;2015;"{1,6}"
"522";20752;"Love of Thousands Years";3,56;38;1;2003;"{6}"
"523";34042;"My Daughter Seo Yeong";4,14;35;1;2012;"{6,7,10}"
"524";39737;"The Genius";4,79;44;4;2013;"\N"
"525";43272;"Holy Land";3,82;36;1;2012;"{28,4,6}"
"526";43733;"Hyoyeon's Million Likes";4,29;34;1;2015;"{34,57}"
"527";49296;"Dear My Friends";4,64;36;1;2016;"{1,10,6}"
"528";50011;"Fan Heart Attack Idol TV";4,71;35;1;NA;"\N"
"529";19264;"Sweet Spy";3,77;35;1;2005;"{6}"
"530";19943;"Stairway to Heaven";3,65;40;1;2003;"{6}"
"531";28919;"Smile, You";3,61;33;1;2010;"{7,10,1}"
"532";34645;"King's Daughter, Soo Baek Hyang";4,2;37;1;2013;"{36,6,7,45,10}"
"533";39690;"Sweden Laundry";3,68;35;1;2014;"{12,6,1}"
"534";43159;"Jumping Girl";3,37;33;1;2015;"{7,1}"
"535";48795;"Flower Boy Ramen Shop";4,29;35;1;2011;"{1,6,7}"
"536";49064;"Flower Boys Next Door";4,45;35;1;2013;"{6,7,1}"
"537";51603;"Night Light";3,8;34;1;2016;"{26,7,6}"
"538";2798;"Let's Go, Sangdoo";3,71;32;1;2003;"{6}"
"539";11328;"My Fair Lady";3,31;35;1;2003;"{7,6}"
"540";25648;"My Country Calls / Secret Agent Miss Oh";3,68;34;1;2010;"{7,1}"
"541";36058;"Wonderful Days";4,08;34;1;2014;"{7,6,10}"
"542";38791;"Another Parting";3,77;32;1;2014;"{4,7,6}"
"543";45212;"f(x)=1cm";4,58;34;1;2015;"\N"
"544";51799;"Love for a Thousand More";4,1;37;1;2016;"{7,32,6}"
"545";38783;"Rosy Lovers";3,67;31;1;2014;"{6,7,10}"
"546";41624;"Family Outing [aka The Family Is Coming]";3,11;33;1;2015;"{7,1,10}"
"547";42962;"Flower of the Queen";3,4;31;1;2015;"{7,6,10}"
"548";43134;"Dating Alone";4,13;31;1;2014;"{37,7}"
"549";43274;"Hwajung";4,17;32;1;2015;"{6,7}"
"550";44270;"Poseidon";3;33;1;2011;"{6,4,105}"
"551";50352;"Boys24";4,44;31;1;2016;"\N"
"552";50881;"After the Show Ends";3,95;31;1;2016;"{6,7}"
"553";51749;"BTS Gayo";4,46;34;1;NA;"\N"
"554";30476;"It's Alright, Daddy's Daughter";4,17;31;1;2010;"{10,6}"
"555";41524;"Maids";3,95;33;1;2014;"{26,7,4,45}"
"556";43069;"Dream (SBS)";3,93;31;1;2009;"{7,44}"
"557";43912;"B1A4 One Fine Day";4,25;30;1;2014;"{50,37}"
"558";45134;"Crime Scene";4,78;38;2;2014;"\N"
"559";48940;"Match Up BLOCK B and B1A4";4,27;31;1;2011;"\N"
"560";49625;"Baek Hee Has Returned";4;30;1;2016;"{10,6,1}"
"561";12495;"My 19 Years Old Sister In Law";3,69;30;1;2004;"{6}"
"562";34625;"Melody of Love";4,1;30;1;2013;"{10,7}"
"563";38016;"What's With This Family";4,36;30;1;2014;"{10,1,7}"
"564";41525;"Seonam Girls High School Investigators";3,33;34;1;2014;"{2,7,25,28}"
"565";42236;"Unkind Women";2,86;29;1;2015;"{10,6}"
"566";44785;"Channel Girls' Generation";4,44;30;1;2015;"\N"
"567";51747;"BTS on V App";4,64;32;1;2015;"\N"
"568";34021;"Powerful Opponents";4,12;28;1;2008;"{6,7}"
"569";42387;"Око дьявола";3,14;30;2;2014;"{6,26}"
"570";43141;"Partner";3,29;29;1;2009;"{6,7}"
"571";45444;"Mr. Back";4,06;29;1;2014;"{12,7,6,1}"
"572";47637;"Jang Young Shil";4,75;29;1;2016;"{6,45}"
"573";48743;"My Lovely Girl";3,91;29;1;2014;"{32,6,7}"
"574";1957;"One Fine Day";3,3;32;1;2006;"{6}"
"575";6341;"Green Rose (KR)";3,67;27;1;2005;"{25,6}"
"576";35987;"Can We Love?";4,13;27;1;2014;"{7,10,1}"
"577";36948;"Golden Cross";3,75;28;1;2014;"{26,6}"
"578";39819;"Punch (2014)";4;27;1;2014;"{26,36,7,6}"
"579";41866;"My Heart Twinkle Twinkle";3,14;27;1;2015;"{10,7,6}"
"580";44475;"Late Night Restaurant";4,75;28;1;2015;"{25,6}"
"581";44753;"My Love from Another Star";4,32;36;1;2013;"{7,6,1}"
"582";48897;"My Lawyer, Mr. Jo";4;30;1;2016;"{6,114}"
"583";48969;"Master: God of Noodles";4,38;28;1;2016;"{6,7}"
"584";13463;"Smile Again";4,08;26;1;2006;"{6}"
"585";29374;"Creating Destiny";3,78;26;1;2009;"{7,10}"
"586";35989;"One Warm Word";3,18;27;1;2013;"{6,26,10,7,25}"
"587";38560;"Super Idol Chartshow";3,64;27;1;2014;"{1,37,32}"
"588";39388;"Sweet Secret";2,83;26;1;2014;"{7,10}"
"589";42151;"Amazing f(x)";4,56;26;1;2013;"{1,37,50}"
"590";44232;"Apink's Showtime";4;26;1;2014;"{37}"
"591";6972;"My Love Patzzi";4;27;1;2002;"{6}"
"592";8306;"The Dance in the Sky";4,23;27;1;2008;"{12,6,4,7}"
"593";8311;"Little Bride";3,93;27;1;2004;"{6}"
"594";43339;"Swallow the Sun";4,55;26;1;2009;"{7,6,4}"
"595";43794;"My Love Eundong - The Beginning";3,82;27;1;2015;"{7}"
"596";44355;"The Virtual Bride";3,55;26;1;2015;"{10,1}"
"597";49330;"The Flower in Prison";4,25;26;1;2016;"{6,45}"
"598";51688;"B.A.P's One Fine Day";4,67;25;1;2016;"\N"
"599";6817;"Marrying A Millionaire";3,4;24;1;2005;"{6,1}"
"600";34788;"Mamma Mia (맘마미아)";3,75;25;1;2013;"{37,1}"
"601";35658;"Romance Town";3,5;24;1;2011;"{1,6,7}"
"602";35840;"Cool Kiz On The Block";3,56;25;1;2013;"{10,37,44,1}"
"603";39799;"Golden Timе";4;25;1;2012;"{6,35}"
"604";43873;"Bachelor's Vegetable Store";3,9;24;1;2011;"{6,1,7}"
"605";44744;"Heartless City";4,2;29;1;2013;"{28,26,4}"
"606";52008;"Lipstick Prince";4,5;27;1;2016;"\N"
"607";4163;"Cat on the Roof";3,47;24;1;2003;"{6}"
"608";7738;"Save The Last Dance For Me";3,7;24;1;2004;"{6}"
"609";29537;"The Kingdom of The Winds";4,45;28;1;2008;"{45,12}"
"610";32946;"The Gumiho's Revenge";3,91;24;1;2010;"{7,6,25,26}"
"611";39035;"Joseon X-Files: Secret Book";3,83;27;1;2010;"{45,9}"
"612";39129;"Family Secrets (2014)";4;23;1;2014;"{10,7}"
"613";41979;"I Summon You, Gold";3,33;24;1;2013;"{7,1,10}"
"614";42235;"Bluebird House";3,64;23;1;2015;"{6,10}"
"615";48041;"My Son-in-Law's Woman";3,5;26;1;2016;"{10,6}"
"616";49233;"Babysitter";4,5;25;1;2016;"{6,25,26}"
"617";49571;"Pentagon Maker";4;23;1;2016;"\N"
"618";51431;"Law of the Jungle";4,43;25;29;2011;"\N"
"619";52243;"Run! BTS!";4,36;27;1;NA;"\N"
"620";6292;"Only You";3,27;23;1;2005;"{56,6}"
"621";37396;"The 101st Proposal";3,45;26;1;2006;"{6}"
"622";39652;"Mystery 6";4;24;1;2006;"{30,25,37}"
"623";48205;"Crime Squad";3,73;24;1;2011;"\N"
"624";49639;"1 Night 2 Days";4,92;24;3;2007;"\N"
"625";8922;"Wonderful Life (KR)";3,5;22;1;2005;"{6,1,10}"
"626";16338;"Air City";3,33;26;1;2007;"{7,6}"
"627";20465;"Ja Myung Go";4;21;1;2009;"{7,45}"
"628";22847;"Fireworks";3,13;21;1;2006;"{6}"
"629";23235;"Sad Love Story";4;22;1;2005;"{6,32}"
"630";29096;"Feast of Gods";3,71;24;1;2012;"{7}"
"631";31075;"Lovers in Paris";3,36;24;1;2004;"{6}"
"632";37627;"My Dear Cat";3,45;21;1;2014;"{7,10,1}"
"633";38335;"Sign";4,4;22;1;2011;"{35,28,6}"
"634";38415;"Mama (SK)";3,67;21;1;2014;"{10,7}"
"635";42804;"Let's Go Dream Team (출발 드림팀)";3,91;22;2;1999;"{44,37}"
"636";42914;"Hyuna Free Month";4,27;23;1;2014;"{32,34}"
"637";43852;"100 Points Out of 100";3,94;21;1;2010;"{1,37}"
"638";44478;"All About My Mom";4;21;1;2015;"{5,6,10}"
"639";48811;"Discovery of Romance";3,58;22;1;2014;"{7,1,6}"
"640";6816;"When A Man Loves A Woman";3,29;20;1;2004;"{6}"
"641";21167;"Bright Girl’s Success";3,1;20;1;2002;"{6}"
"642";32055;"Us & Them";3,32;138;1;2014;"{1}"
"643";36311;"Wild Chives and Soy Bean Soup: 12 Years Reunion";3,75;21;1;2014;"{7}"
"644";42449;"Healing Camp, Aren't You Happy";4;20;1;2011;"{37,54}"
"645";42989;"All My Love";4,09;21;1;2010;"{6,1}"
"646";44663;"Heaven's Will: The Fugitive of Joseon";3,6;20;1;2013;"{6,26,45,7}"
"647";45138;"Exactly What's Going On";3,33;20;1;2015;"{1,7,12}"
"648";48924;"Five Children";4,17;23;1;2016;"{10,6,7}"
"649";48949;"Match Up Special: Block B in Japan";4,17;21;1;2011;"\N"
"650";52232;"Rebel: Thief Who Stole the People";4,75;20;1;2017;"{6,45}"
"651";6584;"Ju Mong";4,79;26;1;2006;"{6}"
"652";20757;"Romance (KR)";4;19;1;2002;"{6}"
"653";32416;"Lovers in Prague";4,81;63;1;2005;"{6}"
"654";32498;"Last Scandal";3,5;19;1;2008;"{6,1,7}"
"655";36943;"Come! Jang Bo Ri";4,83;19;1;2014;"{7,10}"
"656";43949;"Assembly";3,75;19;1;2015;"{6}"
"657";44214;"Last";3,75;19;1;2015;"{28,4,26}"
"658";49073;"The Thorn Birds";4,43;22;1;2011;"{7,6}"
"659";51391;"The Day After We Broke Up";4,6;19;1;2016;"{32,6,7}"
"660";15429;"Alone in Love";4,25;19;1;2006;"{6}"
"661";15939;"Summer Scent";3,6;20;1;2003;"{6}"
"662";29165;"90 Days, Time to Love";4,14;18;1;2006;"{6}"
"663";30903;"Superstar K";4,43;19;3;2009;"{38,11,32}"
"664";31625;"Come on over";4,56;19;1;2012;"{37,32}"
"665";41868;"City of the Sun";4,5;18;1;2015;"{6}"
"666";50277;"The Collaboration";4,5;18;1;2016;"\N"
"667";50515;"Mamamoo x GFriend Showtime";4,44;20;1;2016;"\N"
"668";51556;"GOT7 on V app";5;18;1;2015;"\N"
"669";51590;"What's Up with These Kids!?";3;19;1;2016;"{6,7}"
"670";52241;"Ruby Ruby Love";4,13;19;1;2017;"{1,6,7}"
"671";22080;"Lovers";4;17;1;2001;"{1,6}"
"672";29321;"Hotelier";3,83;19;1;2001;"{97,6}"
"673";43160;"Road Number One";3,75;18;1;2010;"{7,6,4}"
"674";45462;"Will It Snow at Christmas?";3,5;17;1;2009;"\N"
"675";48288;"Iron Man";3,25;18;1;2014;"{7,12,6}"
"676";52355;"New Journey to the West";4,75;17;3;2015;"\N"
"677";11727;"Revenge (KR)";4,57;22;1;2005;"{6}"
"678";18912;"Love Story in Harvard";3,83;16;1;2004;"{6}"
"679";23585;"Stained Glass";3,67;16;1;2004;"{6}"
"680";24423;"Flowers for My Life";3,17;16;1;2007;"{6,7}"
"681";36054;"Angel's Revenge";3,6;17;1;2014;"{10,6,7}"
"682";39828;"Pororo The Little Penguin";3,8;24;6;2003;"{10,18}"
"683";42234;"Jingbirok";3;16;1;2015;"{6,45,27}"
"684";42892;"Paemilli";4;17;1;2012;"{1,10}"
"685";43206;"Little Mom Scandal";4;18;2;2008;"{1,6}"
"686";44938;"The Awl";4,3;16;1;2015;"{6}"
"687";51206;"Saimdang, Light's Diary";4;17;1;2016;"{7,6,45}"
"688";51430;"Hip Hop Tribe 2 : Game of Thrones";4;17;1;2016;"\N"
"689";7739;"Hello, God!";3,44;16;1;2006;"{6}"
"690";24929;"Cinderella";3,88;18;1;1997;"{6,10}"
"691";27327;"Crazy in Love";3,86;15;1;2007;"{6,7}"
"692";30586;"Family Honor";4,45;16;1;2008;"{10,7}"
"693";34624;"The Woman Who Married Three Times";3,25;15;1;2013;"{7,10}"
"694";35205;"Sandglass";4,4;15;1;1995;"{6}"
"695";39126;"Apgujeong Midnight Sun";5;15;1;2014;"{10,7,6}"
"696";43946;"Hot blood (JYP)";4,63;15;1;2008;"{96,37}"
"697";44027;"Heart a tag";4,6;15;1;2015;"{37,34}"
"698";47642;"Witch's Castle";5;16;1;2015;"{6,7,10}"
"699";47643;"Yeah, That's How It Is";0;15;1;2016;"{6,10}"
"700";48557;"Happy Home";5;16;1;2016;"{6,10}"
"701";49290;"Midas";3,5;15;1;2011;"{6,7}"
"702";52135;"Seventeen One Fine Day";4,71;19;1;NA;"\N"
"703";7687;"Say You Love Me";3,29;15;1;2004;"{6}"
"704";8261;"Emperor of the Sea";3,83;17;1;2004;"{6}"
"705";12336;"Queen of the Game";3,43;14;1;2006;"{6}"
"706";33951;"A Hundred Year’s Inheritance";4,25;15;1;2013;"{10,6,7}"
"707";44077;"Tae Wang Sa Shin Gi";3,8;18;1;2007;"{5,45}"
"708";44476;"Dong Yi";4;16;1;2010;"{1,7,45,6}"
"709";44615;"My Daughter, Geum Sa Wol";4;14;1;2015;"{10,6}"
"710";49649;"Real Men";4,8;14;2;2013;"\N"
"711";49812;"The Unusual Family";4;15;1;2016;"{6,10}"
"712";50977;"She is 200 Years Old";2,6;16;1;2015;"{7,1,12}"
"713";52115;"Click Your Heart";4;15;1;2016;"{7,1}"
"714";2799;"Ireland";3;13;1;2004;"{6}"
"715";10180;"Princess Lulu";3,2;13;1;2005;"{6}"
"716";22252;"Be Strong, Geum-soon";3,43;13;1;2005;"{6}"
"717";29229;"Golden Bride";4;14;1;2007;"{10,6,7}"
"718";32342;"Star's Lovers";3,5;14;1;2008;"{7}"
"719";32910;"Star in My Heart";4;13;1;1997;"{6}"
"720";36382;"Welcome to the Show";3,88;13;1;2011;"{37,1}"
"721";37626;"Cuckoo Nest";4;13;1;2014;"{6}"
"722";47989;"Twelve Men in a Year";3,33;13;1;2012;"\N"
"723";49216;"Standby I.O.I";4,25;13;1;2016;"\N"
"724";49705;"d.o.b: Dance or Band";4,33;13;1;2016;"\N"
"725";49821;"Taste of Others";5;13;1;2015;"\N"
"726";52344;"Queen of the Ring";0;13;1;2017;"{7,12}"
"727";20798;"Great Expectations";3,88;13;1;2006;"{6}"
"728";27042;"3 Leaf Clover";3,75;14;1;2005;"{6}"
"729";27297;"Freeze";2,5;13;1;2006;"{6,7,25,30,26}"
"730";30701;"Hateful But Once Again";3,57;12;1;2009;"{7,6}"
"731";35342;"Gloria (Geulroria)";3,57;12;1;2010;"{6,7,10}"
"732";37257;"King Gwanggaeto the Great";5;13;1;2011;"{4,27}"
"733";37302;"Yoo Na's Street";2,5;12;1;2014;"{1,7,10,28}"
"734";43555;"Birth Of A Family";4,14;12;1;2011;"{104,37,10}"
"735";43995;"ToppDogg 3 Days of Summer in Japan";4;12;1;2014;"{37,5,34}"
"736";47996;"3 Days";3,5;14;1;2014;"{4,25,28,7,26,6}"
"737";49072;"The Birth of the Rich";3,8;12;1;2010;"{7,6}"
"738";49678;"Witch Yoo Hee";4;14;1;2007;"{6,1,7}"
"739";50397;"Key's Knowhow";4,86;12;1;2015;"\N"
"740";52343;"Romance Full of Life";0;12;1;2017;"{7,12}"
"741";2160;"Beautiful Days";3,25;15;1;2001;"{6}"
"742";2753;"Ice Girl";4,33;12;1;2005;"{7,6}"
"743";23951;"Surgeon Bong Dal Hee";3,75;11;1;2007;"{6}"
"744";25649;"My Happy Home / My Sweet Home";3,67;11;1;2010;"{6,25}"
"745";42835;"Thank You My Son";3,33;11;1;2015;"{10,6,1}"
"746";44426;"I am A Man (나는 남자다)";4,33;11;1;2014;"{54}"
"747";45114;"The Merchant: Gaekju 2015";3;11;1;2015;"{6,45}"
"748";45346;"A Well Grown Daughter, Hana";3,8;13;1;2013;"{7,10,6}"
"749";46058;"Detectives of Seonam Girls' High School";3,2;12;1;2014;"{7,25}"
"750";48444;"Start Love";3,43;11;1;2015;"{7,1}"
"751";49158;"God of Study";4,17;11;1;2010;"{7,1,6}"
"752";49345;"Cinderella's Sister";3,4;11;1;2010;"{7,6}"
"753";49368;"Heartstrings";4,29;11;1;2011;"{7,6,1,32}"
"754";50325;"Lily Fever";3,14;12;1;2015;"{6,7}"
"755";50444;"Rising! Up10tion";4,63;11;1;2015;"\N"
"756";50774;"Korea's Next Top Model";4,25;13;5;2010;"\N"
"757";51372;"Father, I'll Take Care of You";3;11;1;2016;"{10,6}"
"758";51472;"Twice TV";4,5;11;4;2015;"\N"
"759";51585;"My Fair Lady";5;11;1;2016;"{6,10}"
"760";51602;"The Sound of Your Heart";4,5;15;1;2016;"{6,1}"
"761";51809;"To Be Continued";3,4;12;1;2015;"{12,7}"
"762";20637;"Bad Boys (KR)";2;11;1;2000;"{6}"
"763";23042;"MAGIC";3;12;1;2004;"{6}"
"764";31611;"Robber";3,6;10;1;2008;"{1,7}"
"765";36314;"Mother's Garden";3,67;10;1;2014;"{7}"
"766";36978;"A Man's Story";4,4;10;1;2009;"{6,4,7}"
"767";42636;"Singer Game (Mnet)";3,4;10;1;2014;"{32,96,37}"
"768";43472;"MTV Beast Almighty";4,2;10;1;2010;"{37,32,54,34}"
"769";43863;"Smile, Dong Hae";4,5;10;1;2010;"{6,10}"
"770";44002;"Kara Project";3,57;10;1;2014;"{32,37}"
"771";47342;"Gunman in Joseon";4;10;1;2014;"{45,6,4,7,26}"
"772";48297;"Sweet Temptation";3,67;12;1;2015;"\N"
"773";49095;"1% of Anything";3,57;12;1;2003;"{1,6,7}"
"774";50544;"You Are a Gift";1,5;10;1;2016;"{7,6}"
"775";51401;"Momin's Room";3,75;10;1;2016;"{10,7,6}"
"776";51940;"ASTRO Project";4,25;10;1;2016;"\N"
